{
    "model_name": "XGBoost",
    "rmse": 4294.8588673337945,
    "mae": 2457.2654098347716,
    "r2": 0.8811854208851094,
    "mse": 18445812.690315723,
    "best_params": {
        "learning_rate": 0.1,
        "max_depth": 3,
        "n_estimators": 100,
        "subsample": 0.8
    }
}